<?xml version="1.0" encoding="UTF-8"?>
<!DOCTYPE mapper PUBLIC "-//mybatis.org//DTD Mapper 3.0//EN" "http://mybatis.org/dtd/mybatis-3-mapper.dtd">

<mapper namespace="point">
	<sql id="search">
		SELECT * FROM point ORDER BY pointid		
	</sql>
	
	<select id="total" resultType="Integer">
		SELECT COUNT(*) FROM 
			(<include refid="search"></include>) sub
	</select>
	
	<select id="list" resultType="point">
		SELECT * FROM   			
    		(<include refid="search"></include>) sub
<!--     	LIMIT #{offset}, #{perPage} -->
	</select>
	
	<insert id="add">
		INSERT INTO point
		VALUES (NULL, #{pointid}, #{pointname}, #{address}, #{phone}, #{password}, #{email})
	</insert>
	
	<delete id="delete">
		DELETE FROM point
		WHERE pointnum=#{pointnum}
	</delete>
	
	<update id="update">
		UPDATE point
		SET pointid=#{pointid}, pointname=#{pointname}, address=#{address}, phone=#{phone}, email=#{email}
		WHERE pointnum=#{pointnum}
	</update>
	
	<select id="item" resultType="point">
		SELECT * FROM point
		WHERE pointnum=#{pointnum}
	</select>
	
	<select id="login" resultType="point">
		SELECT * FROM point
		WHERE pointid=#{pointid} AND password=#{password}
	</select>
	
	<select id="checkid" resultType="Integer">
		SELECT COUNT(*) FROM point
		WHERE name=#{id}		<!-- 이부분 확인하기 -->
	</select>
</mapper>