<?xml version="1.0" encoding="UTF-8"?>
<beans xmlns="http://www.springframework.org/schema/beans"
	xmlns:xsi="http://www.w3.org/2001/XMLSchema-instance"
	xsi:schemaLocation="http://www.springframework.org/schema/beans https://www.springframework.org/schema/beans/spring-beans.xsd">
	
	<!-- Root Context: defines shared resources visible to all other web components -->
	
	<bean id="dataSource" class="org.apache.commons.dbcp2.BasicDataSource" destroy-method="close"> 
		<property name="driverClassName" value="com.mysql.jdbc.Driver"/> 
		<property name="url" value="jdbc:mysql://localhost:3306/project"/>
		<property name="username" value="root"></property>
		<property name="password" value="1234"></property>
	</bean> 
	
	<bean id="sqlSessionFactory" class="org.mybatis.spring.SqlSessionFactoryBean">
		<property name="dataSource" ref="dataSource"></property>
		<property name="configLocation"	value="classpath:/mybatis-config.xml"></property>
	</bean>
	
	<bean id="sqlSessoinTemplate" class="org.mybatis.spring.SqlSessionTemplate">
		<constructor-arg name="sqlSessionFactory" ref="sqlSessionFactory"></constructor-arg>
	</bean>	
	
	<bean id="transactionManager" class="org.springframework.jdbc.datasource.DataSourceTransactionManager">
		<property name="dataSource" ref="dataSource"></property>
	</bean>
</beans>
