<?xml version="1.0" encoding="UTF-8"?>
<!DOCTYPE mapper PUBLIC "-//mybatis.org//DTD Mapper 3.0//EN" "http://mybatis.org/dtd/mybatis-3-mapper.dtd">

<mapper namespace="orders">
	<sql id="search">
		SELECT orders.*, point.name FROM orders
		JOIN point ON orders.pointnum=point.pointnum
	</sql>
	
	<select id="total" resultType="Integer">
		SELECT COUNT(*) FROM 
		(<include refid="search"></include>) sub
	</select>
	
	<select id="list" resultType="Orders">
		SELECT * FROM
		(<include refid="search"></include>) sub
		ORDER BY orderid DESC
	</select>
	
	<resultMap type="Orders" id="OrdersMap">
		<id column="orderid" property="orderid" />
		<result column="pointid" property="pointid" />
		<result column="pointname" property="pointname" />
		<result column="saleprice" property="saleprice" />
		<result column="orderdate" property="orderdate" />
		<result column="name" property="name" />
		
		<!-- 지점아이디, 지점명 둘 다 쓰는 게 낫나...?? -->
		
		<collection property="detail" column="oid" ofType="Detail" javaType="ArrayList">
			<id column="detailid" property="detailid" />
			<result column="goodsid" property="goodsid" />
			<result column="goodsname" property="goodsname" />		
			<result column="orderid" property="orderid" />
			<result column="quantity" property="quantity" />
			<result column="price" property="price" />
		</collection>
	</resultMap>
	
	<select id="item" resultMap="OrdersMap">
		SELECT orders.*, detail.orderid oid, detail.*, point.name, goods.goodsname, goods.price FROM orders
		JOIN detail ON orders.orderid=detail.orderid
		JOIN point ON orders.pointnum=point.pointnum		<!-- 지점번호가 낫나....? -->
		JOIN goods ON detail.goodsid=goods.goodsid
		WHERE orders.orderid=#{orderid}
	</select>
	
	<insert id="add">
		INSERT INTO orders
		VALUES (NULL, #{pointnum}, #{saleprice}, NOW())
		
		<selectKey keyProperty="orderid" order="AFTER" resultType="Integer">
			SELECT LAST_INSERT_ID()
		</selectKey>
	</insert>
	
	<update id="update">
		UPDATE orders
		SET pointid=#{pointid}, pointname=#{pointname}, saleprice=#{saleprice}, orderdate=#{orderdate}
		WHERE orderid=#{orderid}
	</update>
	
	<delete id="delete">
		DELETE FROM orders
		WHERE orderid=#{orderid}
	</delete>
</mapper>

