<?xml version="1.0" encoding="UTF-8"?>
<!DOCTYPE mapper PUBLIC "-//mybatis.org//DTD Mapper 3.0//EN" "http://mybatis.org/dtd/mybatis-3-mapper.dtd">

<mapper namespace="orders">
	<sql id="search">
		select orders.*, customer.name from Orders
		join customer on Orders.custid=Customer.custid
	</sql>
	
	<select id="total" resultType="Integer">
		select count(*) from
		(<include refid="search"></include>) sub
	</select>
	
	<select id="list">
		select * from
		(<include refid="search"></include>) sub
		order by orderid desc
	</select>
	
	<resultMap type="Orders" id="OrdersMap">
		<id column="orderid" property="orderid"/>
		<result column="custid" property="custid"/>
		<result column="saleprice" property="saleprice"/>
		<result column="orderdate" property="orderdate"/>
		<result column="name" property="name"/>
		
	<collection property="detail" column="oid" ofType="Detail" javaType="ArrayList">
		<id column="detailid" property="detailid"/>
		<result column="beanid" property="beanid"/>
		<result column="orderid" property="orderid"/>
		<result column="amount" property="amount"/>
		<result column="brand" property="brand"/>
		<result column="origin" property="origin"/>
		<result column="beanname" property="beanname"/>
		<result column="price" property="price"/>
	</collection>
	</resultMap>
	
	<select id="item" resultMap="OrdersMap">
		select Orders.*, Detail.orderid.oid, Detail.*, Customer.name, 
			Coffee.beanname, Coffee.brand, Coffee.origin, Coffee.price from Orders
		Join Detail on Orders.orderid=Detail.orderid
		Join Customer on Orders.custid=Detail.custid
		join Coffee on Orders.beanid=detail.beanid
		where orders.orderid=#{orderid}
	</select>
	
	<insert id="add">
		insert into Orders
		values (NULL , #{custid}, #{saleprice}, now())
		
		<selectKey keyProperty="orderid" order="AFTER" resultType="Integer">
			select last_insert_id()
		</selectKey>
	</insert>
	
	<update id="update">
		update Orders
		set custid=#{custid}, saleprice=#{saleprice}, orderdate=#{orderdate}
		where orderid=#{orderid}
	</update>
	
	<delete id="delete">
		delete from Orders
		where orderid=#{orderid}
	</delete>
</mapper>