<?xml version="1.0" encoding="UTF-8"?>
<!DOCTYPE configuration PUBLIC "-//mybatis.org//DTD Config 3.0//EN" "http://mybatis.org/dtd/mybatis-3-config.dtd">

<configuration>
	<typeAliases>
		<typeAlias type="kr.ac.kopo.brand.model.Goods" alias="Goods"/>		
		<typeAlias type="kr.ac.kopo.brand.model.Point" alias="Point"/>
		<typeAlias type="kr.ac.kopo.brand.model.Orders" alias="Orders"/>
		<typeAlias type="kr.ac.kopo.brand.model.Detail" alias="Detail"/>
	</typeAliases>
	
	<mappers>
		<mapper resource="mybatis/goods.xml" />
		<mapper resource="mybatis/point.xml" />
		<mapper resource="mybatis/orders.xml" />
		<mapper resource="mybatis/detail.xml" />
	</mappers>
</configuration>