<?xml version="1.0" encoding="UTF-8"?>
<!DOCTYPE configuration PUBLIC "-//mybatis.org//DTD Config 3.0//EN" "http://mybatis.org/dtd/mybatis-3-config.dtd">

<configuration>
	<typeAliases>
		<typeAlias type="ac.kr.kongdesert.model.Goods" alias="Goods"/>
		<typeAlias type="ac.kr.kongdesert.model.Point" alias="Point"/>
		<typeAlias type="ac.kr.kongdesert.model.Orders" alias="Orders"/>
		<typeAlias type="ac.kr.kongdesert.model.Detail" alias="Detail"/>
	</typeAliases>
	
	<mappers>
		<mapper resource="mybatis/Goods.xml"/>
		<mapper resource="mybatis/Point.xml"/>
		<mapper resource="mybatis/Orders.xml"/>
		<mapper resource="mybatis/Detail.xml"/>
	</mappers>
</configuration>