<?xml version="1.0" encoding="UTF-8"?>
<!DOCTYPE mapper PUBLIC "-//mybatis.org//DTD Mapper 3.0//EN" "http://mybatis.org/dtd/mybatis-3-mapper.dtd">


<mapper namespace="Coffee">
	<sql id="search">
		select * from Coffee order by beanid
	</sql>

	<select id="total" resultType="Integer">
		select count(*) from
		(<include refid="search"></include>) sub
	</select>
	
	<select id="list" resultType="Coffee">
		select * from Coffee
	</select>
	
	<insert id="add">
		insert into Coffee
		values(#{beanid}, #{beanname}, #{brand}, #{price},#{origin})
	</insert>
	
	<update id="update">
		update to Coffee
		set beanid=#{beanid}, beanname=#{beanname}, brand=#{brand}, price=#{price}, origin=#{origin}
	</update>
	
	<delete id="delete">
		delete from Coffee
		where beanid=#{beanid}
	</delete>
	
	<select id="item">
		select * from Coffee
		where beanid=#{beanid}
	</select>
</mapper>