<?xml version="1.0" encoding="UTF-8"?>
<!DOCTYPE configuration PUBLIC "-//mybatis.org//DTD Config 3.0//EN" "http://mybatis.org/dtd/mybatis-3-config.dtd">

<configuration>
	<typeAliases>
		<typeAlias type="kr.co.kopo.model.Coffee" alias="Coffee"/>	
		<typeAlias type="kr.co.kopo.model.Customer" alias="Customer"/>
		<typeAlias type="kr.co.kopo.model.Orders" alias="Orders"/>
		<typeAlias type="kr.co.kopo.model.Detail" alias="Detail"/>
	</typeAliases>
	
	<mappers>
		<mapper resource="mybatis/Coffee.xml"/>
		<mapper resource="mybatis/Customer.xml"/>
		<mapper resource="mybatis/Orders.xml"/>
		<mapper resource="mybatis/Detail.xml"/>
	</mappers>
</configuration>